"mkr"	"chr"	"cm"	"mb"
"l(2)gl"	"2L"	0	0.015605
"net"	"2L"	0	0.084919
"Sam-S"	"2L"	0	0.110668
"Gs1"	"2L"	0.05	0.133266
"kis"	"2L"	0	0.230763
"smo"	"2L"	0.4	0.279877
"al"	"2L"	0.4	0.382777
"RpLP1"	"2L"	0	0.420318
"ex"	"2L"	0.1	0.439977
"ush"	"2L"	0.1	0.532004
"ds"	"2L"	0.3	0.677494
"ninaA"	"2L"	1.4	0.877781
"Lsp1beta"	"2L"	1.9	0.899983
"S"	"2L"	1.3	1.064344
"lea"	"2L"	3	1.400267
"dpp"	"2L"	4	2.444031
"Rbp9"	"2L"	5	2.961598
"Mad"	"2L"	7.7	3.153057
"msl-2"	"2L"	9	3.464162
"odd"	"2L"	8	3.605485
"for"	"2L"	10	3.639511
"slp1"	"2L"	8	3.826408
"slp2"	"2L"	8	3.838021
"capu"	"2L"	8	3.887759
"ed"	"2L"	11	4.073219
"ft"	"2L"	12	4.208127
"RpL27A"	"2L"	12.9	4.457779
"ine"	"2L"	12	4.472512
"dp"	"2L"	13	4.535717
"Sgs1"	"2L"	13.9	4.939416
"RpL37A"	"2L"	15	5.071506
"tkv"	"2L"	16	5.245174
"vri"	"2L"	17	5.305321
"mid"	"2L"	16	5.464625
"ifc"	"2L"	20.6	5.987588
"ade2"	"2L"	17.7	6.043574
"mmy"	"2L"	16	6.471228
"Sec61alpha"	"2L"	24	6.478835
"eya"	"2L"	17	6.537209
"cup"	"2L"	23	6.669377
"wg"	"2L"	21.9	7.311708
"Su(var)205"	"2L"	31.1	8.210379
"fy"	"2L"	24.1	8.402444
"grk"	"2L"	30	8.432342
"d"	"2L"	31	8.47775
"Cks30A"	"2L"	32	9.331374
"bib"	"2L"	34.7	9.990096
"bsk"	"2L"	33	10.24899
"trk"	"2L"	36	10.271833
"pim"	"2L"	30	10.363517
"da"	"2L"	41.3	10.390432
"Mdh1"	"2L"	37.2	10.395073
"RpS27A"	"2L"	41.35	10.409409
"pie"	"2L"	43	10.421746
"abo"	"2L"	44	10.974358
"aub"	"2L"	39	10.999654
"ab"	"2L"	44	11.23588
"salm"	"2L"	44	11.439957
"sala"	"2L"	44	11.486562
"prd"	"2L"	45	12.084394
"nub"	"2L"	47	12.608007
"b"	"2L"	48.5	13.822548
"nimA"	"2L"	48.7	13.96046
"rk"	"2L"	48.8	13.991989
"elB"	"2L"	50	14.400086
"Adh"	"2L"	50.1	14.617228
"Adhr"	"2L"	50.1	14.617228
"osp"	"2L"	50.1	14.64455
"Su(H)"	"2L"	50.5	15.041415
"ck"	"2L"	51	15.051405
"sna"	"2L"	51	15.477431
"BicC"	"2L"	51	16.045329
"fzy"	"2L"	51	16.312013
"cact"	"2L"	52	16.319565
"chif"	"2L"	53	16.347514
"her"	"2L"	52.9	16.678296
"squ"	"2L"	54	16.680855
"dl"	"2L"	52.9	17.443595
"BicD"	"2L"	52.91	17.467036
"qua"	"2L"	53	17.492004
"CadN"	"2L"	53.1	17.699825
"rdo"	"2L"	53	18.041328
"amos"	"2L"	53.6	18.596623
"tup"	"2L"	53.9	18.870378
"hk"	"2L"	53.9	19.032166
"mib2"	"2L"	53.9	19.037992
"Catsup"	"2L"	53.9	19.042664
"hkl"	"2L"	53.9	19.046997
"l(2)37Bb"	"2L"	53.9	19.050724
"Rpn3"	"2L"	53.9	19.052755
"Lim3"	"2L"	53.9	19.093671
"amd"	"2L"	53.9	19.112134
"CG10561"	"2L"	53.9	19.115486
"Ddc"	"2L"	53.9	19.11839
"l(2)37Cc"	"2L"	53.9	19.122953
"l(2)37Cb"	"2L"	53.9	19.125485
"l(2)37Cd"	"2L"	53.9	19.128294
"Aats-asn"	"2L"	53.9	19.130911
"l(2)37Ce"	"2L"	53.9	19.132713
"l(2)37Cg"	"2L"	53.9	19.133253
"RanGap"	"2L"	54	19.444681
"ref(2)P"	"2L"	54	19.543997
"spi"	"2L"	54	19.572612
"scw"	"2L"	53	19.700331
"pr"	"2L"	54.5	20.074593
"neb"	"2L"	54.5	20.082727
"spir"	"2L"	54	20.329802
"bur"	"2L"	55.7	21.17704
"tsh"	"2L"	55.8	21.832804
"cta"	"2L"	54.8	22.879807
"RpL38"	"2R"	55.1	0.403731
"Nipped-A"	"2R"	55.1	1.102029
"sxc"	"2R"	55.3	1.205871
"ap"	"2R"	55.2	1.604021
"mle"	"2R"	55.2	1.86526
"pk"	"2R"	55.3	3.074546
"pwn"	"2R"	55.4	3.18536
"cos"	"2R"	57	3.272143
"so"	"2R"	57.1	3.314457
"cn"	"2R"	57.5	3.671506
"mus205"	"2R"	54.9	3.684653
"sax"	"2R"	57	3.695779
"phr"	"2R"	56.8	3.71391
"stmA"	"2R"	56.8	4.619406
"lin"	"2R"	59	4.803886
"Su(var)2-10"	"2R"	57.6	5.006569
"Jra"	"2R"	60	5.985023
"Hdc"	"2R"	58.4	6.130981
"whd"	"2R"	61	6.361525
"stan"	"2R"	62	6.584852
"shn"	"2R"	62	7.083121
"sha"	"2R"	62	7.217725
"ix"	"2R"	60.5	7.247305
"qvr"	"2R"	62	7.33457
"E(Pc)"	"2R"	61.9	7.345628
"en"	"2R"	62	7.413612
"wal"	"2R"	59	7.577406
"cuff"	"2R"	61	7.77434
"Cyp6g1"	"2R"	65.25	8.074552
"stil"	"2R"	63	8.458624
"sca"	"2R"	66.7	8.678782
"bic"	"2R"	64	8.75852
"vg"	"2R"	67	8.779347
"Psc"	"2R"	67	8.861154
"Su(z)2"	"2R"	67	8.889668
"cnn"	"2R"	65	9.332404
"arr"	"2R"	66	9.355941
"drk"	"2R"	70	9.386534
"fas"	"2R"	68	9.573732
"fl(2)d"	"2R"	70.1	9.709591
"mam"	"2R"	70.3	9.913273
"cg"	"2R"	71.1	10.06576
"L"	"2R"	72	10.376762
"Asx"	"2R"	72	10.395732
"tra2"	"2R"	70	10.490683
"kn"	"2R"	72.3	10.677359
"scb"	"2R"	73	11.141146
"mus210"	"2R"	69.1	11.202169
"sli"	"2R"	77	11.784899
"Got1"	"2R"	75	12.027648
"inaC"	"2R"	82	12.787585
"tef"	"2R"	80	12.943188
"Amy-p"	"2R"	77.9	13.007009
"sub"	"2R"	86	13.634308
"grh"	"2R"	86	13.709939
"thr"	"2R"	86	13.751197
"proPO-A1"	"2R"	79.6	13.776097
"stau"	"2R"	83.5	14.009369
"Pcl"	"2R"	84	14.02494
"adp"	"2R"	83.4	14.040387
"fj"	"2R"	81.5	14.122042
"ena"	"2R"	87	15.039632
"cora"	"2R"	86.9	15.123913
"wbl"	"2R"	86	15.137842
"rib"	"2R"	88	15.166066
"mei-W68"	"2R"	94	15.345364
"sm"	"2R"	91.5	15.46821
"mus209"	"2R"	92.3	16.149809
"plu"	"2R"	88	16.150843
"exu"	"2R"	93	16.556651
"grau"	"2R"	97	16.898349
"shg"	"2R"	92	16.941385
"Pu"	"2R"	97	17.066471
"cv-2"	"2R"	96.2	17.254743
"clt"	"2R"	96	17.505565
"a"	"2R"	99.2	18.04242
"px"	"2R"	100.5	18.416786
"stl"	"2R"	102	18.699653
"inaD"	"2R"	101	18.744764
"twi"	"2R"	100	18.93474
"ord"	"2R"	103.5	19.160288
"vir"	"2R"	103.3	19.250781
"mi"	"2R"	104.7	19.413584
"bw"	"2R"	104.5	19.420672
"levy"	"2R"	103	19.436134
"egl"	"2R"	105	19.628387
"shu"	"2R"	105	19.729893
"Ca-P60A"	"2R"	106	19.818943
"mr"	"2R"	106.7	19.861445
"Chi"	"2R"	106.8	19.92026
"sei"	"2R"	106	19.938645
"Dat"	"2R"	107	20.036196
"bs"	"2R"	107.3	20.247617
"Dll"	"2R"	107.8	20.712519
"RpL19"	"2R"	108	20.856519
"zip"	"2R"	107	20.88879
"uzip"	"2R"	107.6	20.908591
"gsb-n"	"2R"	107.6	20.933877
"gsb"	"2R"	107.6	20.950834
"CG16778"	"2R"	107.6	20.979995
"Kr"	"2R"	107.6	21.115597
"Lsp1gamma"	"3L"	1.4	0.067714
"trh"	"3L"	1	0.379578
"klar"	"3L"	0	0.487423
"emc"	"3L"	0	0.751455
"ru"	"3L"	0	1.379027
"rho"	"3L"	0.2	1.466137
"R"	"3L"	1.4	1.860685
"Aprt"	"3L"	1.49	1.884388
"Tmhs"	"3L"	1.4	1.888564
"ecd"	"3L"	1.3	2.264696
"aly"	"3L"	4.4	3.025325
"rasp"	"3L"	4.3	3.163016
"Hsp83"	"3L"	5	3.195043
"dib"	"3L"	12	4.063303
"tipE"	"3L"	13.5	4.191159
"spo"	"3L"	19	5.58443
"vn"	"3L"	16.2	5.822601
"l(3)mbn"	"3L"	13.3	6.119352
"ndl"	"3L"	17	6.591752
"ple"	"3L"	18	6.709539
"sgl"	"3L"	22.2	6.955274
"msl-3"	"3L"	25.8	7.117466
"mei-P22"	"3L"	21.5	7.237985
"mus312"	"3L"	18	7.324401
"qm"	"3L"	23	7.344068
"Hn"	"3L"	23	7.754922
"pbl"	"3L"	26	7.89713
"mus301"	"3L"	23	8.133014
"Cbl"	"3L"	24.5	8.421184
"Gug"	"3L"	26	8.454395
"se"	"3L"	26	8.514124
"h"	"3L"	26.5	8.670599
"Argk"	"3L"	25.2	9.050544
"Rdl"	"3L"	24.7	9.157199
"RpS17"	"3L"	28.9	9.422353
"can"	"3L"	31	10.258609
"hay"	"3L"	34.4	10.625648
"E(z)"	"3L"	34	10.629452
"JIL-1"	"3L"	31.4	11.079044
"Sgs8"	"3L"	35	11.50228
"Sgs7"	"3L"	35	11.503154
"Sgs3"	"3L"	35	11.505912
"rt"	"3L"	37	11.579044
"Lsp2"	"3L"	37	12.123644
"Est-6"	"3L"	35.9	12.18287
"Est-P"	"3L"	35.9	12.18473
"app"	"3L"	37.5	12.229613
"eyg"	"3L"	37.5	12.458626
"sti"	"3L"	36.8	12.504489
"Syx13"	"3L"	38.63	13.038768
"snky"	"3L"	40	13.168289
"sens"	"3L"	40.5	13.391777
"Gl"	"3L"	41.4	13.925122
"btl"	"3L"	40.9	14.072428
"D"	"3L"	40.7	14.17021
"fz"	"3L"	41.7	14.314597
"shd"	"3L"	41	14.611431
"gnu"	"3L"	42.5	14.795968
"Brd"	"3L"	42	14.966035
"mrn"	"3L"	42.6	15.572822
"brm"	"3L"	43	15.969575
"th"	"3L"	43.2	16.03763
"st"	"3L"	44	16.492159
"tra"	"3L"	45	16.583654
"Pros26"	"3L"	44.3	16.603009
"Su(P)"	"3L"	44	16.604529
"sina"	"3L"	45.5	16.848947
"mus304"	"3L"	46	18.104422
"Cat"	"3L"	47	18.8185
"nkd"	"3L"	47	19.017631
"pip"	"3L"	47	19.311164
"ash1"	"3L"	46.6	19.587864
"asf1"	"3L"	46.2	19.612731
"trc"	"3L"	46	19.825945
"kto"	"3L"	46	19.833879
"Su(Tpl)"	"3L"	46.5	19.893502
"kug"	"3L"	47	20.009821
"gig"	"3L"	46	20.127366
"polo"	"3L"	46	20.304835
"fng"	"3L"	47	20.930796
"chb"	"3L"	46.6	21.171165
"eg"	"3L"	47.3	21.806442
"tub"	"3R"	47	0.214251
"opa"	"3R"	48	0.687122
"corto"	"3R"	47.1	0.910875
"cno"	"3R"	49	1.020769
"hd"	"3R"	47	1.199333
"kkv"	"3R"	47.5	1.211201
"sec23"	"3R"	48.4	1.476569
"sec8"	"3R"	48.8	1.582676
"pb"	"3R"	47.5	2.550651
"zen2"	"3R"	47.5	2.569358
"zen"	"3R"	47.5	2.579251
"bcd"	"3R"	48	2.583381
"Dfd"	"3R"	47.5	2.622855
"Scr"	"3R"	47.5	2.662272
"ftz"	"3R"	47.5	2.690998
"Antp"	"3R"	47.5	2.773462
"Gld"	"3R"	48	3.084604
"rn"	"3R"	47.6	3.117289
"alpha-Est5"	"3R"	47.7	3.360732
"lds"	"3R"	47.8	3.748183
"dsx"	"3R"	48.1	3.771587
"puc"	"3R"	47.6	3.93954
"grn"	"3R"	47	3.990118
"Dhod"	"3R"	48	4.478052
"p"	"3R"	48	4.488116
"hb"	"3R"	48	4.520289
"pyd"	"3R"	48.1	4.705399
"osk"	"3R"	48.4	4.762488
"neur"	"3R"	48.5	4.855628
"pum"	"3R"	48.5	4.978358
"betaTub85D"	"3R"	48.5	5.235054
"Ras85D"	"3R"	50	5.337546
"by"	"3R"	48.7	5.356347
"Scm"	"3R"	48.5	5.461205
"dmt"	"3R"	50.75	5.538629
"hyd"	"3R"	49	5.545838
"knk"	"3R"	49.1	5.949735
"Invadolysin"	"3R"	49	5.977639
"Cap-H2"	"3R"	49	6.589755
"Fdh"	"3R"	49.2	6.697365
"cu"	"3R"	50	7.030247
"RpS25"	"3R"	50	7.041377
"sad"	"3R"	51	7.704216
"aur"	"3R"	53	7.789701
"desat2"	"3R"	51.5	8.262776
"Vha55"	"3R"	51.7	8.451517
"kar"	"3R"	51.7	8.511498
"Su(fu)"	"3R"	51.9	8.516514
"Men"	"3R"	51.73	8.543543
"Spc25"	"3R"	51.7	8.788224
"ry"	"3R"	52	8.861003
"snk"	"3R"	52.1	8.867189
"pic"	"3R"	52.1	8.880216
"sim"	"3R"	52.2	8.893715
"Ace"	"3R"	52.5	9.069602
"Su(var)3-7"	"3R"	50.9	9.092918
"yrt"	"3R"	52	9.257646
"ninaB"	"3R"	53.5	9.527576
"Dip-B"	"3R"	53.6	9.609706
"ems"	"3R"	54	9.728963
"Orc2"	"3R"	51.1	9.791721
"rdx"	"3R"	50.3	9.825725
"trx"	"3R"	54.2	10.100851
"su(Hw)"	"3R"	54.8	10.132243
"cv-c"	"3R"	54.1	10.262406
"put"	"3R"	58	10.448736
"Hsc70-4"	"3R"	56.5	11.070353
"Su(var)3-9"	"3R"	56.4	11.086426
"Tm2"	"3R"	54.2	11.138417
"ea"	"3R"	57	11.155293
"Act88F"	"3R"	57.1	11.266802
"c(3)G"	"3R"	57.4	11.616744
"rec"	"3R"	57.6	11.653531
"spn-E"	"3R"	62	11.666648
"mor"	"3R"	58.1	11.796246
"srp"	"3R"	58	11.820863
"pnr"	"3R"	58	11.859229
"Sb"	"3R"	58.22	11.962728
"sra"	"3R"	58.2	12.017985
"ss"	"3R"	58.5	12.21478
"Ubx"	"3R"	58.8	12.521223
"abd-A"	"3R"	58.8	12.644351
"Abd-B"	"3R"	58.8	12.775445
"cher"	"3R"	60	12.932829
"ald"	"3R"	61	13.498271
"osa"	"3R"	60	13.528799
"DNaseII"	"3R"	61.8	13.845991
"sr"	"3R"	62	13.937998
"Mdh2"	"3R"	62.6	14.053276
"gl"	"3R"	63.1	14.196054
"Cha"	"3R"	64.6	14.544656
"nos"	"3R"	66.2	14.984443
"Dl"	"3R"	66.2	15.140194
"Dys"	"3R"	72.5	15.353963
"ort"	"3R"	66.4	15.487435
"ninaE"	"3R"	66.4	15.712948
"mira"	"3R"	67.7	15.759181
"cic"	"3R"	72.4	16.103343
"H"	"3R"	69.5	16.451151
"r-l"	"3R"	70.4	16.897657
"e"	"3R"	70.7	17.059226
"mod(mdg4)"	"3R"	70.7	17.190226
"lqfR"	"3R"	76.6	18.240916
"bond"	"3R"	75.5	18.379313
"klg"	"3R"	78.1	18.75624
"hh"	"3R"	81.2	18.960653
"unk"	"3R"	79.2	18.979777
"cnc"	"3R"	81.2	19.031866
"pnt"	"3R"	79	19.144355
"RpS3"	"3R"	79.7	19.185117
"Hmgcr"	"3R"	80	19.567957
"eIF4G2"	"3R"	82.9	19.639957
"Gdh"	"3R"	81.7	19.765252
"crb"	"3R"	82	20.130477
"ash2"	"3R"	78.6	20.477454
"slo"	"3R"	86	20.512564
"tld"	"3R"	85	20.577343
"asp"	"3R"	85.2	20.58293
"boss"	"3R"	90.5	21.790193
"HLHmdelta"	"3R"	89.1	21.823849
"HLHmgamma"	"3R"	89.1	21.826
"HLHmbeta"	"3R"	89.1	21.831196
"malpha"	"3R"	89.1	21.836952
"m1"	"3R"	89.1	21.84081
"m2"	"3R"	89.1	21.842714
"HLHm3"	"3R"	89.1	21.848143
"m4"	"3R"	89.1	21.849914
"HLHm5"	"3R"	89.1	21.855016
"m6"	"3R"	89.1	21.859201
"HLHm7"	"3R"	89.1	21.86325
"E(spl)"	"3R"	89.1	21.866308
"gro"	"3R"	89.1	21.871532
"Ald"	"3R"	91.5	22.083552
"tx"	"3R"	91	22.270882
"Tl"	"3R"	91	22.646445
"ms(3)K81"	"3R"	91.3	22.701929
"ro"	"3R"	91.1	22.704693
"Ets97D"	"3R"	91	22.737552
"spz"	"3R"	92	22.893291
"spn-D"	"3R"	91	22.992142
"pll"	"3R"	92	23.077877
"l(3)mbt"	"3R"	93.5	23.095473
"Sce"	"3R"	92	23.506936
"fkh"	"3R"	95	24.408819
"Doa"	"3R"	99	24.731146
"Dr"	"3R"	99.2	25.386558
"kay"	"3R"	99	25.606167
"sro"	"3R"	100	25.620889
"ncd"	"3R"	100.7	25.631429
"ca"	"3R"	100.7	25.636876
"Acph-1"	"3R"	101.1	25.817995
"spn-A"	"3R"	96	25.881092
"Tpi"	"3R"	101.3	25.959509
"tll"	"3R"	102	26.679066
"stops"	"3R"	101	26.989351
"spn-F"	"3R"	100	27.081626
"pygo"	"3R"	102	27.403984
"rod"	"3R"	105.1	27.410127
"Med"	"3R"	106	27.438857
"awd"	"3R"	104.5	27.5713
"ewg"	"X"	0	0.16811
"y"	"X"	0	0.25291
"ac"	"X"	0	0.264522
"sc"	"X"	0	0.290811
"l(1)sc"	"X"	0	0.304303
"ase"	"X"	0	0.355871
"Exp6"	"X"	0	0.367855
"svr"	"X"	0	0.396808
"elav"	"X"	0.58	0.411877
"Appl"	"X"	0	0.44879
"vnd"	"X"	0	0.484293
"RpL36"	"X"	0	0.522922
"l(1)1Bi"	"X"	0	0.525741
"su(s)"	"X"	0	0.533856
"tw"	"X"	0.4	0.68045
"su(w[a])"	"X"	0.1	0.923443
"fs(1)N"	"X"	0	1.220022
"br"	"X"	0.28	1.513932
"dor"	"X"	0.4	1.560787
"hfw"	"X"	0.4	1.565385
"arm"	"X"	1.2	1.790053
"east"	"X"	0.16	1.9115
"csw"	"X"	1	1.997983
"ph-d"	"X"	0.5	2.014031
"ph-p"	"X"	0.5	2.025565
"wapl"	"X"	0.7	2.048575
"pn"	"X"	0.8	2.076049
"pcx"	"X"	0.9	2.125916
"kz"	"X"	0.9	2.134013
"fs(1)K10"	"X"	0.5	2.138108
"phl"	"X"	0.9	2.236031
"gt"	"X"	0.9	2.322068
"tko"	"X"	1	2.337177
"z"	"X"	1	2.343192
"trol"	"X"	1.04	2.402219
"wds"	"X"	1.2	2.480968
"egh"	"X"	1.2	2.487586
"Klp3A"	"X"	0	2.495637
"mit(1)15"	"X"	1.2	2.499542
"Bzd"	"X"	1.2	2.501706
"sgg"	"X"	1.3	2.549931
"CG2650"	"X"	1.2	2.587341
"fs(1)Yb"	"X"	1.8	2.616346
"dwg"	"X"	1.6	2.622912
"crm"	"X"	1.48	2.630543
"w"	"X"	1.5	2.687565
"rst"	"X"	2.2	2.857052
"N"	"X"	3	3.0476
"Sgs4"	"X"	3	3.144303
"dnc"	"X"	3.9	3.151917
"dm"	"X"	4	3.273632
"ec"	"X"	5.5	3.728817
"brn"	"X"	5.9	3.9991
"mei-9"	"X"	6.5	4.210548
"norpA"	"X"	6.5	4.237786
"rb"	"X"	7.5	4.432168
"peb"	"X"	7	4.515929
"ovo"	"X"	10.2	4.953646
"rg"	"X"	11	5.062524
"snf"	"X"	11.7	5.203907
"Gr5a"	"X"	13.6	5.57564
"cv"	"X"	13.7	5.585573
"fs(1)M3"	"X"	15	5.855217
"rux"	"X"	15	5.930809
"sqh"	"X"	13	6.118145
"swa"	"X"	15.9	6.258596
"dx"	"X"	17	6.430329
"Mcm6"	"X"	18.7	6.569813
"shf"	"X"	17.9	6.669584
"iav"	"X"	18.8	6.71017
"ogre"	"X"	18.8	6.87189
"bou"	"X"	18.3	6.880879
"cm"	"X"	18.9	6.904256
"Sxl"	"X"	19.2	6.980892
"ct"	"X"	20	7.537736
"dec-1"	"X"	20.7	7.764242
"bys"	"X"	20.45	7.796795
"sws"	"X"	22	7.856561
"sn"	"X"	21	7.869087
"fs(1)h"	"X"	21.65	7.944722
"sdt"	"X"	23	8.103034
"lawc"	"X"	23	8.303899
"Cp36"	"X"	23.1	8.373861
"otu"	"X"	22.7	8.381289
"Nrg"	"X"	23.6	8.42878
"oc"	"X"	23.1	8.534451
"rdgA"	"X"	26.3	8.860471
"su(r)"	"X"	27.7	9.093804
"t"	"X"	27.5	9.114489
"mxc"	"X"	27.7	9.134035
"Dsor1"	"X"	27.6	9.142722
"lz"	"X"	27.7	9.188176
"Hex-A"	"X"	29.2	9.481176
"btd"	"X"	31	9.589913
"Yp2"	"X"	30	9.945859
"Yp1"	"X"	30	9.948708
"Hk"	"X"	30.5	10.140307
"alpha-Man-I"	"X"	30.1	10.195039
"flw"	"X"	31	10.291042
"Hmr"	"X"	31.8	10.4874
"sesB"	"X"	32.4	10.677998
"feo"	"X"	32.88	10.747692
"v"	"X"	33	10.818847
"sev"	"X"	33.4	10.972903
"Hsp60"	"X"	33.51	11.004423
"sisA"	"X"	34.3	11.215995
"l(1)10Bb"	"X"	34.4	11.218831
"dsh"	"X"	34.5	11.251335
"hop"	"X"	34.6	11.258531
"dlg1"	"X"	34.8	11.282727
"RpII215"	"X"	35.66	11.46058
"nod"	"X"	36	11.477319
"Met"	"X"	35.4	11.51207
"m"	"X"	36.2	11.655927
"dy"	"X"	36.2	11.668257
"wisp"	"X"	37	11.79096
"cac"	"X"	36.7	11.852933
"gd"	"X"	36.8	11.880673
"sno"	"X"	41.8	13.097615
"comt"	"X"	40.1	13.154775
"up"	"X"	43.5	13.492073
"mus101"	"X"	44.2	13.618733
"g"	"X"	44.4	13.625773
"l(1)dd4"	"X"	44.4	13.634645
"Yp3"	"X"	44	13.654389
"rdgB"	"X"	42.7	13.663792
"ben"	"X"	45	13.892112
"yl"	"X"	48	14.090624
"mud"	"X"	50	14.147252
"na"	"X"	46.9	14.165803
"eag"	"X"	50	14.874434
"hiw"	"X"	49.8	14.931078
"acj6"	"X"	49.4	15.259438
"shtd"	"X"	53.6	15.35297
"sog"	"X"	53	15.509588
"sd"	"X"	51.5	15.710015
"shi"	"X"	51.5	15.793217
"vap"	"X"	54.2	15.897022
"disco"	"X"	53.1	16.107699
"eas"	"X"	53.5	16.176007
"sl"	"X"	53.5	16.247431
"mei-41"	"X"	54.2	16.289697
"para"	"X"	55	16.387173
"Axs"	"X"	56	16.576025
"if"	"X"	55	16.661844
"RpS5a"	"X"	56.6	17.039953
"baz"	"X"	56.7	17.071706
"f"	"X"	56.7	17.150986
"B-H2"	"X"	56.7	17.213404
"e(y)1"	"X"	57.9	17.736794
"mnb"	"X"	58.2	17.768979
"Sh"	"X"	57.6	17.890179
"ari-1"	"X"	58.15	18.028063
"os"	"X"	58.7	18.201199
"por"	"X"	59	18.272719
"Bx"	"X"	59.4	18.447223
"fu"	"X"	59.5	18.553525
"gfA"	"X"	62	19.232535
"car"	"X"	62.5	19.461743
"e(y)3"	"X"	62.2	19.527183
"Zw"	"X"	62.9	19.563825
"sw"	"X"	64	20.103245
"mal"	"X"	64.8	20.302472
"run"	"X"	65	20.566908
"fliI"	"X"	65.8	21.21347
